,,,,,,,,,Goals,,,,,Expected,,,,Launched,,,Passes,,,,Goal Kicks,,,Crosses,,,Sweeper,,,
Rk,Player,Nation,Pos,Squad,Comp,Age,Born,90s,GA,PKA,FK,CK,OG,PSxG,PSxG/SoT,PSxG+/-,/90,Cmp,Att,Cmp%,Att,Thr,Launch%,AvgLen,Att,Launch%,AvgLen,Opp,Stp,Stp%,#OPA,#OPA/90,AvgDist,Matches
1,Antonio Adán\Antonio-Adan,es ESP,GK,Atlético Madrid,es La Liga,32,1987,0.3,0.00,0.00,0.00,0.00,0.00,0.00,0.01,0.00,+0.04,3.33,10.0,33.3,16.7,3.33,40.0,44.0,3.33,100.0,67.0,6.67,0.00,0.0,3.33,3.60,49.0,Matches
2,Adrián\Adrian,es ESP,GK,Liverpool,eng Premier League,32,1987,9.7,1.03,0.00,0.10,0.10,0.00,0.93,0.32,-0.10,-0.11,6.19,14.6,42.3,25.4,5.05,44.3,38.3,7.01,48.5,40.2,9.38,0.82,8.8,0.72,0.72,1.34,Matches
3,Rúnar Alex Rúnarsson\Runar-Alex-Runarsson,is ISL,GK,Dijon,fr Ligue 1,24,1995,10.0,1.70,0.00,0.00,0.30,0.10,1.30,0.28,-0.30,-0.30,6.10,14.5,42.1,24.6,5.40,37.8,35.9,8.10,64.2,49.2,9.00,0.80,8.9,0.50,0.50,1.41,Matches
4,Enrico Alfonso\Enrico-Alfonso,it ITA,GK,Brescia,it Serie A,31,1988,3.1,1.29,0.00,0.00,0.00,0.00,0.65,0.18,-0.65,-0.66,3.55,10.3,34.4,16.5,2.58,45.1,37.0,7.74,37.5,32.8,12.3,0.65,5.3,1.29,1.29,5.26,Matches
5,Alisson\Alisson,br BRA,GK,Liverpool,eng Premier League,26,1992,28.3,0.81,0.04,0.00,0.04,0.04,0.80,0.28,0.02,+0.02,4.88,9.01,54.1,26.7,4.66,24.9,31.7,6.01,39.4,38.8,6.96,0.57,8.1,1.31,1.31,0.62,Matches
6,Sergio Álvarez\Sergio-Alvarez,es ESP,GK,Celta Vigo,es La Liga,32,1986,2.0,0.50,0.00,0.00,0.00,0.00,0.55,0.28,0.05,+0.06,4.00,11.0,36.4,17.0,2.50,32.4,35.6,9.50,57.9,43.0,12.0,1.00,8.3,0.00,0.00,8.25,Matches
7,Lorenzo Andrenacci\Lorenzo-Andrenacci,it ITA,GK,Brescia,it Serie A,24,1995,5.9,2.71,0.00,0.17,0.17,0.00,2.20,0.29,-0.51,-0.50,5.59,11.2,50.0,16.4,7.63,33.0,35.4,11.2,51.5,43.5,9.49,0.17,1.8,0.34,0.34,2.12,Matches
8,Miguel Ángel Moyá\Miguel-Angel-Moya,es ESP,GK,Real Sociedad,es La Liga,35,1984,13.0,1.23,0.00,0.00,0.08,0.08,1.01,0.26,-0.15,-0.15,7.69,14.5,53.2,27.5,4.46,32.7,32.9,7.69,71.0,48.6,7.85,1.00,12.7,0.92,0.92,1.22,Matches
9,Alphonse Areola\Alphonse-Areola,fr FRA,GK,Real Madrid,es La Liga,26,1993,4.0,1.25,0.50,0.00,0.25,0.00,1.20,0.27,-0.05,-0.06,4.00,9.00,44.4,26.5,6.50,18.9,28.5,7.25,55.2,42.5,9.75,0.25,2.6,1.25,1.25,3.55,Matches
10,Alphonse Areola\Alphonse-Areola,fr FRA,GK,Paris S-G,fr Ligue 1,26,1993,3.0,0.67,0.00,0.00,0.00,0.00,0.60,0.46,-0.07,-0.05,1.00,1.33,75.0,16.0,3.00,4.2,20.0,3.33,20.0,24.5,5.00,0.00,0.0,2.00,2.00,7.93,Matches
11,Kepa Arrizabalaga\Kepa-Arrizabalaga,es ESP,GK,Chelsea,eng Premier League,24,1994,33.0,1.42,0.06,0.06,0.24,0.06,1.08,0.35,-0.29,-0.29,4.30,10.1,42.6,26.9,4.39,28.2,31.8,6.03,41.7,39.1,7.21,0.55,7.6,0.64,0.64,0.48,Matches
12,Sergio Asenjo\Sergio-Asenjo,es ESP,GK,Villarreal,es La Liga,30,1989,34.0,1.21,0.15,0.00,0.24,0.03,1.16,0.24,-0.01,-0.01,4.88,13.3,36.8,22.3,4.41,39.3,37.2,8.24,54.6,44.8,10.4,0.59,5.6,0.53,0.53,0.41,Matches
13,Emil Audero\Emil-Audero,it ITA,GK,Sampdoria,it Serie A,22,1997,36.0,1.67,0.19,0.00,0.31,0.11,1.47,0.29,-0.09,-0.09,5.64,15.5,36.4,20.8,3.61,50.1,41.5,8.03,63.3,46.8,11.1,0.89,8.0,0.53,0.53,0.39,Matches
14,Stefan Bajic\Stefan-Bajic,fr FRA,GK,Saint-Étienne,fr Ligue 1,17,2001,1.0,1.00,0.00,0.00,0.00,0.00,0.30,0.14,-0.70,-0.72,3.00,3.00,100.0,11.0,4.00,0.0,21.1,8.00,37.5,34.8,6.00,0.00,0.0,2.00,2.00,20.4,Matches
15,Oliver Baumann\Oliver-Baumann,de GER,GK,Hoffenheim,de Bundesliga,29,1990,30.0,1.63,0.17,0.00,0.13,0.07,1.41,0.26,-0.16,-0.16,5.43,14.5,37.4,34.6,6.03,32.0,32.7,8.83,39.2,36.7,10.3,0.53,5.2,1.10,1.10,0.51,Matches
16,Asmir Begović\Asmir-Begovic,ba BIH,GK,Milan,it Serie A,32,1987,1.4,2.14,0.71,0.00,0.00,0.00,2.29,0.41,0.14,+0.13,2.86,7.86,36.4,17.1,3.57,33.3,32.8,8.57,25.0,32.3,5.71,0.00,0.0,0.00,0.00,11.1,Matches
17,Walter Benítez\Walter-Benitez,ar ARG,GK,Nice,fr Ligue 1,26,1993,26.0,1.38,0.15,0.00,0.27,0.08,1.72,0.32,0.41,+0.41,3.35,7.81,42.9,22.0,5.08,22.7,27.6,8.15,34.4,34.0,9.85,0.69,7.0,0.35,0.35,0.54,Matches
18,Etrit Berisha\Etrit-Berisha,al ALB,GK,SPAL,it Serie A,30,1989,26.0,1.58,0.23,0.04,0.08,0.08,1.70,0.28,0.08,+0.08,7.54,16.9,44.5,25.0,5.23,46.0,37.4,9.00,60.3,45.9,10.6,0.81,7.6,0.54,0.54,0.52,Matches
19,Paul Bernardoni\Paul-Bernardoni,fr FRA,GK,Nîmes,fr Ligue 1,22,1997,24.5,1.55,0.16,0.00,0.12,0.04,1.36,0.31,-0.16,-0.16,5.47,16.6,32.9,21.6,3.14,51.2,42.4,7.18,77.3,55.4,6.78,0.57,8.4,0.57,0.57,0.62,Matches
20,Dimitry Bertaud\Dimitry-Bertaud,fr FRA,GK,Montpellier,fr Ligue 1,21,1998,2.2,1.36,0.00,0.00,0.45,0.00,0.73,0.26,-0.64,-0.66,6.82,10.5,65.2,22.3,8.64,32.7,31.5,8.18,38.9,39.4,5.91,0.45,7.7,0.91,0.92,6.50,Matches
21,Rubén Blanco\Ruben-Blanco,es ESP,GK,Celta Vigo,es La Liga,24,1995,32.9,1.31,0.15,0.09,0.09,0.00,1.23,0.29,-0.08,-0.08,6.47,17.4,37.2,21.2,3.68,53.9,42.5,8.94,67.3,52.9,10.2,0.64,6.3,0.33,0.33,0.43,Matches
22,Yassine Bounou\Yassine-Bounou,ma MAR,GK,Sevilla,es La Liga,28,1991,5.5,0.55,0.18,0.00,0.00,0.00,0.69,0.16,0.15,+0.15,7.64,15.3,50.0,22.7,4.36,41.6,36.4,8.18,71.1,51.2,7.27,0.55,7.5,0.36,0.36,2.82,Matches
23,Federico Brancolini\Federico-Brancolini,it ITA,GK,Fiorentina,it Serie A,18,2001,0.1,0.00,0.00,0.00,0.00,0.00,0.00,,0.00,0.00,10.0,10.0,100.0,20.0,0.00,0.0,27.5,10.0,100.0,67.0,0.00,0.00,,0.00,0.00,210.0,Matches
24,Claudio Bravo\Claudio-Bravo,cl CHI,GK,Manchester City,eng Premier League,36,1983,3.9,1.79,0.00,0.00,0.00,0.00,1.08,0.28,-0.72,-0.72,4.87,12.1,40.4,26.7,3.33,27.9,31.5,7.18,64.3,48.2,8.97,0.77,8.6,0.26,0.26,3.18,Matches
25,Gianluigi Buffon\Gianluigi-Buffon,it ITA,GK,Juventus,it Serie A,41,1978,9.0,1.11,0.11,0.00,0.22,0.00,0.84,0.21,-0.27,-0.26,2.44,4.22,57.9,17.4,4.44,17.8,27.4,6.11,18.2,22.9,8.44,0.11,1.3,0.78,0.78,1.82,Matches
26,Roman Bürki\Roman-Burki,ch SUI,GK,Dortmund,de Bundesliga,28,1990,30.8,1.30,0.10,0.00,0.26,0.10,1.13,0.36,-0.07,-0.07,3.77,10.4,36.3,27.4,5.88,29.8,32.8,6.62,33.8,34.3,7.18,0.49,6.8,0.88,0.88,0.48,Matches
27,Ludovic Butelle\Ludovic-Butelle,fr FRA,GK,Angers,fr Ligue 1,36,1983,26.0,1.23,0.12,0.04,0.04,0.04,0.94,0.28,-0.25,-0.25,5.73,14.8,38.8,19.0,4.38,47.5,39.8,7.81,73.9,52.5,7.12,0.58,8.1,0.81,0.81,0.57,Matches
28,Marcin Bułka\Marcin-Bulka,pl POL,GK,Paris S-G,fr Ligue 1,19,1999,1.0,0.00,0.00,0.00,0.00,0.00,0.20,0.10,0.20,+0.21,0.00,0.00,,12.0,3.00,0.0,18.6,6.00,0.0,23.5,5.00,0.00,0.0,0.00,0.00,6.50,Matches
29,Willy Caballero\Willy-Caballero,ar ARG,GK,Chelsea,eng Premier League,37,1981,5.0,1.40,0.00,0.00,0.60,0.20,1.18,0.37,-0.02,-0.02,6.40,14.8,43.2,27.4,3.00,45.3,35.8,5.60,42.9,36.8,4.00,0.00,0.0,0.40,0.40,2.48,Matches
30,Matis Carvalho\Matis-Carvalho,pt POR,GK,Montpellier,fr Ligue 1,20,1999,0.8,5.00,0.00,0.00,1.25,1.25,2.37,0.24,-1.38,-1.43,2.50,20.0,12.5,22.5,3.75,55.6,49.2,11.3,66.7,50.0,3.75,1.25,33.3,0.00,0.00,19.4,Matches
31,Koen Casteels\Koen-Casteels,be BEL,GK,Wolfsburg,de Bundesliga,27,1992,26.0,1.46,0.15,0.04,0.19,0.00,1.42,0.33,-0.05,-0.05,8.73,18.7,46.8,31.0,4.73,47.0,40.1,6.85,59.6,48.7,8.35,0.69,8.3,0.92,0.92,0.60,Matches
32,Churripi\Churripi,es ESP,GK,Valladolid,es La Liga,25,1994,2.7,1.11,0.00,0.00,0.74,0.00,1.15,0.24,0.04,+0.04,6.67,29.6,22.5,27.8,4.07,78.7,55.3,8.89,87.5,67.6,9.26,1.11,12.0,1.11,1.11,5.07,Matches
33,Jasper Cillessen\Jasper-Cillessen,nl NED,GK,Valencia,es La Liga,30,1989,23.3,1.29,0.26,0.09,0.13,0.04,1.20,0.22,-0.04,-0.04,6.01,17.7,33.9,23.7,5.71,48.5,39.4,8.84,70.4,56.3,11.3,0.90,8.0,0.52,0.52,0.55,Matches
34,Yannis Clementia\Yannis-Clementia,fr FRA,GK,Nice,fr Ligue 1,22,1997,2.0,1.00,0.50,0.00,0.00,0.00,0.95,0.19,-0.05,-0.03,1.50,11.5,13.0,23.5,8.00,29.8,33.3,7.00,64.3,50.6,14.0,0.00,0.0,0.00,0.00,5.40,Matches
35,Simone Colombi\Simone-Colombi,it ITA,GK,Parma,it Serie A,28,1991,4.0,1.00,0.25,0.00,0.00,0.00,1.00,0.19,0.00,0.00,2.75,6.00,45.8,14.8,4.00,27.1,31.1,9.75,20.5,24.6,8.25,0.50,6.1,0.00,0.00,2.92,Matches
36,Andrea Consigli\Andrea-Consigli,it ITA,GK,Sassuolo,it Serie A,32,1987,31.0,1.77,0.23,0.03,0.29,0.10,1.60,0.32,-0.08,-0.08,4.55,10.9,41.6,25.5,4.39,34.2,32.7,6.65,33.5,29.9,9.39,0.81,8.6,0.65,0.65,0.48,Matches
37,Angelo da Costa Júnior\Angelo-da-Costa-Junior,br BRA,GK,Bologna,it Serie A,35,1983,1.0,1.00,0.00,0.00,0.00,0.00,0.90,0.46,-0.10,-0.08,2.00,4.00,50.0,24.0,4.00,16.7,28.1,4.00,0.0,17.5,3.00,0.00,0.0,1.00,1.00,18.8,Matches
38,Benoît Costil\Benoit-Costil,fr FRA,GK,Bordeaux,fr Ligue 1,32,1987,28.0,1.21,0.07,0.00,0.14,0.04,1.11,0.27,-0.06,-0.07,7.39,15.9,46.4,22.9,3.43,48.0,38.8,8.71,56.6,43.7,9.75,0.57,5.9,0.57,0.57,0.52,Matches
39,Thibaut Courtois\Thibaut-Courtois,be BEL,GK,Real Madrid,es La Liga,27,1992,34.0,0.59,0.00,0.00,0.12,0.00,0.67,0.24,0.08,+0.08,2.65,9.15,28.9,25.4,5.88,26.1,33.0,6.44,38.8,40.3,8.38,0.74,8.8,0.65,0.65,0.44,Matches
40,Alessio Cragno\Alessio-Cragno,it ITA,GK,Cagliari,it Serie A,25,1994,16.0,1.31,0.06,0.00,0.13,0.06,1.48,0.26,0.23,+0.23,5.44,15.7,34.7,19.9,4.19,51.6,40.7,9.81,55.4,43.0,11.0,0.88,8.0,0.31,0.31,0.72,Matches
41,Iván Cuéllar\Ivan-Cuellar,es ESP,GK,Leganés,es La Liga,35,1984,27.0,1.22,0.04,0.04,0.30,0.00,1.10,0.29,-0.13,-0.13,8.52,23.1,36.9,22.4,4.00,69.9,52.1,8.07,91.7,67.8,10.1,1.19,11.8,1.26,1.26,0.59,Matches
42,Paul Delecroix\Paul-Delecroix,fr FRA,GK,Metz,fr Ligue 1,30,1988,1.5,2.67,0.67,0.00,0.00,0.00,1.73,0.32,-0.93,-0.95,10.0,21.3,46.9,22.0,2.67,72.7,49.7,7.33,72.7,57.4,4.00,0.67,16.7,1.33,1.33,10.9,Matches
43,Lucas Dias\Lucas-Dias,fr FRA,GK,Nîmes,fr Ligue 1,20,1999,3.5,1.71,0.00,0.29,0.57,0.00,1.86,0.39,0.14,+0.15,7.71,20.6,37.5,16.6,1.43,62.1,45.9,11.1,92.3,62.9,10.6,0.57,5.4,0.86,0.85,4.00,Matches
44,Marko Dmitrović\Marko-Dmitrovic,rs SRB,GK,Eibar,es La Liga,27,1992,35.0,1.46,0.11,0.06,0.09,0.03,1.26,0.36,-0.17,-0.17,7.80,24.1,32.4,23.3,2.60,74.1,58.3,7.00,96.7,76.4,7.83,0.57,7.3,1.37,1.37,0.50,Matches
45,Jaume Doménech\Jaume-Domenech,es ESP,GK,Valencia,es La Liga,28,1990,14.7,1.56,0.07,0.07,0.27,0.00,1.54,0.28,-0.02,-0.02,7.21,17.3,41.6,22.1,4.15,48.3,38.8,8.98,74.2,53.9,12.1,0.48,3.9,0.41,0.41,0.87,Matches
46,Gianluigi Donnarumma\Gianluigi-Donnarumma,it ITA,GK,Milan,it Serie A,20,1999,35.6,1.18,0.11,0.00,0.20,0.03,1.28,0.29,0.13,+0.13,6.24,13.2,47.3,24.8,4.83,38.4,34.4,7.30,50.0,39.0,8.54,0.81,9.5,0.56,0.56,0.41,Matches
47,Bartłomiej Drągowski\Bartlomiej-Dragowski,pl POL,GK,Fiorentina,it Serie A,21,1997,31.0,1.39,0.19,0.06,0.19,0.00,1.39,0.29,0.00,0.00,4.45,12.3,36.3,22.0,6.29,39.9,37.0,7.16,48.6,42.1,9.26,0.61,6.6,0.45,0.45,0.41,Matches
48,Martin Dúbravka\Martin-Dubravka,sk SVK,GK,Newcastle Utd,eng Premier League,30,1989,38.0,1.53,0.05,0.05,0.29,0.05,1.74,0.34,0.26,+0.26,7.76,20.5,37.9,19.9,3.18,63.6,48.4,8.87,88.1,64.4,10.1,0.53,5.2,0.37,0.37,0.32,Matches
49,Ederson\Ederson,br BRA,GK,Manchester City,eng Premier League,25,1993,34.1,0.82,0.09,0.03,0.12,0.03,0.87,0.30,0.07,+0.07,3.72,7.27,51.2,27.1,4.72,21.9,29.7,4.08,33.1,35.0,5.04,0.35,7.0,1.11,1.11,0.52,Matches
50,Aarón Escandell\Aaron-Escandell,es ESP,GK,Granada,es La Liga,23,1995,3.0,1.00,0.00,0.00,0.00,0.00,0.87,0.20,-0.13,-0.14,10.0,27.0,37.0,34.3,7.00,64.1,48.8,8.33,60.0,50.6,10.0,0.67,6.7,1.00,1.00,4.53,Matches
51,Łukasz Fabiański\Lukasz-Fabianski,pl POL,GK,West Ham,eng Premier League,34,1985,23.5,1.45,0.13,0.04,0.09,0.09,1.29,0.28,-0.07,-0.07,9.36,21.5,43.5,20.3,3.83,68.8,49.8,8.26,91.2,63.9,10.2,0.43,4.2,0.21,0.21,0.49,Matches
52,Fabricio\Fabricio,es ESP,GK,Mallorca,es La Liga,31,1987,1.0,3.00,2.00,0.00,1.00,0.00,1.70,0.15,-1.30,-1.31,8.00,17.0,47.1,24.0,6.00,50.0,41.0,9.00,55.6,47.3,5.00,0.00,0.0,1.00,1.00,15.3,Matches
53,Ralf Fährmann\Ralf-Fahrmann,de GER,GK,Norwich City,eng Premier League,30,1988,0.2,5.00,5.00,0.00,0.00,0.00,5.50,0.08,0.50,+0.29,5.00,15.0,33.3,35.0,10.0,42.9,29.9,15.0,0.0,15.3,20.0,0.00,0.0,0.00,0.00,35.0,Matches
54,Wladimiro Falcone\Wladimiro-Falcone,it ITA,GK,Sampdoria,it Serie A,24,1995,2.0,2.50,0.50,0.00,0.00,0.00,2.75,0.36,0.25,+0.23,4.00,14.5,27.6,21.5,5.50,39.5,32.6,9.00,66.7,47.9,7.50,0.00,0.0,0.50,0.50,6.90,Matches
55,Aitor Fernández\Aitor-Fernandez,es ESP,GK,Levante,es La Liga,28,1991,36.0,1.42,0.08,0.03,0.22,0.06,1.59,0.27,0.23,+0.23,5.67,15.4,36.9,21.7,5.17,50.1,41.7,9.36,48.1,41.4,10.6,0.69,6.5,0.81,0.81,0.39,Matches
56,Andrés Fernández\Andres-Fernandez,es ESP,GK,Villarreal,es La Liga,32,1986,4.0,2.00,0.75,0.00,0.50,0.25,1.70,0.26,-0.05,-0.04,5.75,13.8,41.8,27.0,3.75,31.5,30.9,11.0,47.7,40.6,11.5,0.50,4.3,0.25,0.25,2.98,Matches
57,Mark Flekken\Mark-Flekken,nl NED,GK,Freiburg,de Bundesliga,26,1993,10.0,1.40,0.00,0.00,0.10,0.00,1.64,0.23,0.24,+0.24,8.20,20.6,39.8,32.4,4.10,43.8,40.1,11.1,57.7,51.5,9.30,0.30,3.2,0.20,0.20,1.25,Matches
58,Ben Foster\Ben-Foster,eng ENG,GK,Watford,eng Premier League,36,1983,38.0,1.68,0.21,0.08,0.18,0.08,1.53,0.31,-0.07,-0.07,8.47,25.7,33.0,23.9,3.21,77.4,54.3,7.68,92.8,67.6,9.66,0.97,10.1,1.16,1.16,0.41,Matches
59,Daniel Fuzato\Daniel-Fuzato,br BRA,GK,Roma,it Serie A,22,1997,1.0,1.00,0.00,0.00,1.00,0.00,0.90,0.43,-0.10,-0.14,4.00,16.0,25.0,34.0,4.00,35.3,35.0,10.0,40.0,36.2,8.00,1.00,12.5,0.00,0.00,10.2,Matches
60,Gabriel\Gabriel,br BRA,GK,Lecce,it Serie A,26,1992,33.3,2.28,0.30,0.03,0.36,0.09,2.43,0.34,0.24,+0.24,4.41,10.6,41.5,19.6,5.83,36.1,34.9,9.79,36.2,31.8,11.5,0.63,5.5,0.36,0.36,0.41,Matches
61,Paulo Gazzaniga\Paulo-Gazzaniga,ar ARG,GK,Tottenham,eng Premier League,27,1992,17.9,1.45,0.17,0.06,0.11,0.06,1.42,0.29,0.02,+0.02,4.53,15.3,29.7,21.0,3.24,45.7,38.9,7.82,72.1,58.0,9.39,0.50,5.4,0.67,0.67,0.79,Matches
62,David de Gea\David-de-Gea,es ESP,GK,Manchester Utd,eng Premier League,28,1990,38.0,0.95,0.08,0.03,0.21,0.03,0.98,0.28,0.06,+0.05,3.16,8.18,38.6,17.6,3.89,33.8,34.3,6.97,32.1,33.9,7.50,0.39,5.3,0.29,0.29,0.35,Matches
63,Rafał Gikiewicz\Rafal-Gikiewicz,pl POL,GK,Union Berlin,de Bundesliga,31,1987,33.0,1.64,0.09,0.00,0.27,0.03,1.55,0.30,-0.06,-0.06,12.5,27.0,46.3,32.9,3.76,61.5,47.4,8.15,82.2,60.7,8.94,0.85,9.5,0.70,0.70,0.46,Matches
64,Mauro Goicoechea\Mauro-Goicoechea,uy URU,GK,Toulouse,fr Ligue 1,31,1988,2.0,2.50,0.00,0.00,0.00,0.00,2.20,0.34,-0.30,-0.32,10.5,24.0,43.8,22.0,2.00,70.5,46.4,10.0,85.0,51.8,7.00,0.00,0.0,0.50,0.50,8.70,Matches
65,Pierluigi Gollini\Pierluigi-Gollini,it ITA,GK,Atalanta,it Serie A,24,1995,32.0,1.31,0.19,0.06,0.13,0.09,1.08,0.27,-0.14,-0.14,5.88,13.2,44.5,23.7,5.34,37.1,37.0,6.56,67.1,52.5,6.47,0.47,7.2,1.16,1.15,0.49,Matches
66,Alfred Gomis\Alfred-Gomis,sn SEN,GK,Dijon,fr Ligue 1,25,1993,18.0,1.11,0.06,0.11,0.11,0.06,1.24,0.26,0.19,+0.19,9.39,20.9,44.8,31.3,6.22,47.4,39.8,9.33,65.5,48.1,10.6,1.50,14.1,0.28,0.28,0.72,Matches
67,Vicente Guaita\Vicente-Guaita,es ESP,GK,Crystal Palace,eng Premier League,32,1987,35.0,1.20,0.00,0.00,0.14,0.06,1.34,0.33,0.19,+0.19,6.43,19.3,33.4,22.3,4.66,57.4,44.3,7.80,82.8,61.9,9.46,0.86,9.1,0.46,0.46,0.37,Matches
68,Péter Gulácsi\Peter-Gulacsi,hu HUN,GK,RB Leipzig,de Bundesliga,29,1990,32.0,1.06,0.06,0.00,0.25,0.00,1.18,0.31,0.11,+0.11,5.16,12.4,41.5,32.6,5.72,30.5,33.1,7.06,35.4,35.2,7.59,0.59,7.8,1.50,1.50,0.54,Matches
69,Angus Gunn\Angus-Gunn,eng ENG,GK,Southampton,eng Premier League,23,1996,10.0,2.50,0.20,0.10,0.10,0.00,1.81,0.31,-0.69,-0.69,4.60,19.0,24.2,17.7,2.40,68.9,50.4,7.90,86.1,60.4,8.10,0.60,7.4,0.80,0.80,1.64,Matches
70,Régis Gurtner\Regis-Gurtner,fr FRA,GK,Amiens,fr Ligue 1,32,1986,28.0,1.79,0.04,0.04,0.46,0.04,1.46,0.29,-0.29,-0.29,8.25,18.6,44.3,20.3,3.39,55.7,43.6,9.07,80.7,55.4,9.61,0.54,5.6,0.39,0.39,0.49,Matches
71,Samir Handanović\Samir-Handanovic,si SVN,GK,Inter,it Serie A,35,1984,35.0,0.91,0.06,0.00,0.11,0.03,0.93,0.28,0.04,+0.04,4.23,8.11,52.1,24.3,5.34,24.2,29.4,7.54,29.5,30.3,9.54,0.60,6.3,0.34,0.34,0.34,Matches
72,Tom Heaton\Tom-Heaton,eng ENG,GK,Aston Villa,eng Premier League,33,1986,19.9,1.76,0.15,0.05,0.35,0.05,1.64,0.31,-0.07,-0.07,6.48,19.3,33.6,21.0,4.77,57.7,45.9,9.85,73.0,56.5,11.3,0.85,7.6,0.40,0.40,0.59,Matches
73,Dean Henderson\Dean-Henderson,eng ENG,GK,Sheffield Utd,eng Premier League,22,1997,36.0,0.92,0.03,0.00,0.06,0.00,1.06,0.30,0.14,+0.14,7.00,23.7,29.5,21.6,2.75,77.7,58.7,7.17,96.5,75.7,8.08,0.64,7.9,0.47,0.47,0.38,Matches
74,Wayne Hennessey\Wayne-Hennessey,wal WAL,GK,Crystal Palace,eng Premier League,32,1987,3.0,2.67,0.00,0.33,0.67,0.00,2.93,0.40,0.27,+0.28,10.3,29.3,35.2,21.3,2.00,82.8,56.2,13.0,89.7,67.2,11.7,1.00,8.6,0.33,0.33,4.90,Matches
75,Sergio Herrera\Sergio-Herrera,es ESP,GK,Osasuna,es La Liga,26,1993,18.4,1.47,0.05,0.11,0.22,0.00,1.50,0.34,0.03,+0.03,9.51,26.2,36.3,25.2,3.91,74.6,52.9,8.04,91.9,64.4,8.48,0.87,10.3,1.14,1.14,0.86,Matches
76,Iago Herrerín\Iago-Herrerin,es ESP,GK,Athletic Club,es La Liga,31,1988,4.7,1.91,0.00,0.21,0.21,0.00,1.34,0.36,-0.57,-0.57,9.36,23.4,40.0,29.6,5.96,61.9,46.4,6.38,80.0,58.3,8.72,1.28,14.6,0.00,0.00,2.23,Matches
77,Marwin Hitz\Marwin-Hitz,ch SUI,GK,Dortmund,de Bundesliga,31,1987,3.2,0.31,0.00,0.00,0.00,0.00,0.84,0.39,0.53,+0.53,2.81,7.50,37.5,23.4,4.38,20.0,31.0,7.81,36.0,39.9,6.56,0.63,9.5,1.25,1.24,5.47,Matches
78,Timo Horn\Timo-Horn,de GER,GK,Köln,de Bundesliga,26,1993,34.0,2.03,0.12,0.03,0.32,0.06,1.56,0.32,-0.41,-0.41,9.15,18.5,49.4,26.2,2.91,53.9,42.2,8.76,50.0,40.7,7.94,0.53,6.7,0.41,0.41,0.41,Matches
79,Lukáš Hrádecký\Lukas-Hradecky,fi FIN,GK,Leverkusen,de Bundesliga,29,1989,34.0,1.29,0.06,0.03,0.18,0.00,1.43,0.35,0.14,+0.14,7.68,17.8,43.2,40.1,6.03,37.0,35.7,6.88,42.7,38.9,6.41,0.62,9.6,0.85,0.85,0.46,Matches
80,Jannik Huth\Jannik-Huth,de GER,GK,Paderborn 07,de Bundesliga,25,1994,6.0,2.83,0.17,0.00,0.17,0.00,1.95,0.34,-0.88,-0.88,5.67,13.8,41.0,34.2,6.17,33.7,34.0,8.17,28.6,33.4,7.17,0.67,9.3,0.67,0.67,2.65,Matches
81,Rune Jarstein\Rune-Jarstein,no NOR,GK,Hertha BSC,de Bundesliga,34,1984,28.3,1.63,0.25,0.11,0.21,0.07,1.37,0.25,-0.18,-0.18,10.2,21.9,46.8,27.8,4.31,57.6,43.1,7.81,75.6,53.5,9.93,0.95,9.6,0.57,0.57,0.46,Matches
82,Jesse Joronen\Jesse-Joronen,fi FIN,GK,Brescia,it Serie A,26,1993,29.0,2.03,0.31,0.00,0.31,0.10,2.10,0.31,0.17,+0.17,5.55,14.6,38.2,19.8,5.52,49.7,41.6,9.52,49.6,42.0,12.3,0.93,7.6,0.34,0.34,0.45,Matches
83,Lovre Kalinić\Lovre-Kalinic,hr CRO,GK,Toulouse,fr Ligue 1,29,1990,3.4,1.18,0.00,0.00,0.29,0.00,0.85,0.21,-0.32,-0.31,7.35,25.3,29.1,23.8,3.82,64.2,48.3,11.2,89.5,61.1,13.5,2.35,17.4,0.59,0.59,4.94,Matches
84,Stefanos Kapino\Stefanos-Kapino,gr GRE,GK,Werder Bremen,de Bundesliga,25,1994,1.0,2.00,0.00,0.00,0.00,0.00,1.40,0.29,-0.60,-0.57,9.00,18.0,50.0,25.0,8.00,48.0,40.0,9.00,66.7,45.6,19.0,0.00,0.0,1.00,1.00,13.4,Matches
85,Florian Kastenmeier\Florian-Kastenmeier,de GER,GK,Düsseldorf,de Bundesliga,22,1997,17.0,1.82,0.12,0.00,0.18,0.18,1.44,0.30,-0.21,-0.21,8.24,19.4,42.4,30.5,3.29,51.1,42.5,6.53,58.6,48.3,6.18,0.24,3.8,0.82,0.82,0.91,Matches
86,Tomáš Koubek\Tomas-Koubek,cz CZE,GK,Augsburg,de Bundesliga,26,1992,24.0,2.13,0.00,0.00,0.17,0.08,1.88,0.37,-0.17,-0.17,6.75,20.6,32.8,26.2,4.29,54.1,45.2,8.83,72.6,57.3,9.58,0.63,6.5,0.96,0.96,0.65,Matches
87,Thomas Kraft\Thomas-Kraft,de GER,GK,Hertha BSC,de Bundesliga,31,1988,4.0,2.25,0.00,0.00,0.50,0.00,1.77,0.35,-0.47,-0.48,9.50,22.0,43.2,24.0,3.75,64.6,45.4,8.25,78.8,55.3,11.0,0.50,4.5,1.00,1.00,4.30,Matches
88,Tim Krul\Tim-Krul,nl NED,GK,Norwich City,eng Premier League,31,1988,36.0,1.89,0.08,0.03,0.36,0.08,1.81,0.32,0.00,0.00,7.25,20.4,35.6,33.8,4.94,45.1,39.8,9.25,55.3,45.1,10.6,0.78,7.3,0.47,0.47,0.39,Matches
89,Alban Lafont\Alban-Lafont,fr FRA,GK,Nantes,fr Ligue 1,20,1999,27.0,1.07,0.11,0.00,0.11,0.00,0.94,0.24,-0.13,-0.13,6.11,17.8,34.3,25.8,4.85,48.2,40.8,6.93,77.5,55.3,8.22,0.56,6.8,0.85,0.85,0.59,Matches
90,Gautier Larsonneur\Gautier-Larsonneur,fr FRA,GK,Brest,fr Ligue 1,22,1997,26.6,1.28,0.11,0.00,0.19,0.00,1.53,0.29,0.26,+0.26,6.73,16.8,40.0,29.8,5.38,43.3,39.2,8.83,44.7,38.9,11.4,1.02,8.9,0.71,0.71,0.54,Matches
91,Benjamin Lecomte\Benjamin-Lecomte,fr FRA,GK,Monaco,fr Ligue 1,28,1991,28.0,1.57,0.21,0.00,0.29,0.04,1.47,0.28,-0.07,-0.07,6.25,13.5,46.3,22.8,4.86,39.9,36.6,7.46,58.9,45.1,8.93,0.93,10.4,0.43,0.43,0.51,Matches
92,Nicolas Lemaître\Nicolas-Lemaitre,fr FRA,GK,Reims,fr Ligue 1,22,1997,1.0,3.00,1.00,0.00,1.00,0.00,2.20,0.45,-0.80,-0.80,3.00,8.00,37.5,19.0,4.00,21.1,24.6,8.00,50.0,37.5,5.00,0.00,0.0,0.00,0.00,11.0,Matches
93,Bernd Leno\Bernd-Leno,de GER,GK,Arsenal,eng Premier League,27,1992,29.4,1.33,0.20,0.00,0.20,0.00,1.53,0.27,0.21,+0.21,3.06,10.9,28.1,25.1,5.92,28.1,31.9,8.54,44.6,40.0,9.29,0.61,6.6,0.61,0.61,0.46,Matches
94,Donovan Léon\Donovan-Leon,gf GUF,GK,Brest,fr Ligue 1,26,1992,1.4,2.14,0.71,0.00,0.00,0.00,1.79,0.16,-0.36,-0.33,7.14,15.0,47.6,25.0,5.00,48.6,42.5,4.29,66.7,48.5,12.1,0.71,5.9,0.00,0.00,8.36,Matches
95,Karlo Letica\Karlo-Letica,hr CRO,GK,SPAL,it Serie A,22,1997,10.0,2.90,0.00,0.20,0.10,0.10,2.25,0.33,-0.55,-0.55,6.40,17.4,36.8,22.6,5.30,50.0,40.6,9.30,65.6,48.6,10.3,0.70,6.8,0.10,0.10,1.17,Matches
96,Hugo Lloris\Hugo-Lloris,fr FRA,GK,Tottenham,eng Premier League,32,1986,20.1,1.04,0.10,0.00,0.10,0.05,1.36,0.27,0.36,+0.36,6.62,14.9,44.3,20.8,4.08,49.9,40.7,7.41,61.1,44.1,9.40,0.55,5.8,0.20,0.20,0.57,Matches
97,Anthony Lopes\Anthony-Lopes,pt POR,GK,Lyon,fr Ligue 1,28,1990,26.0,0.96,0.08,0.04,0.08,0.12,0.92,0.26,0.08,+0.08,4.92,10.3,47.9,24.3,5.38,30.2,32.2,7.15,40.9,38.0,8.46,0.62,7.3,0.58,0.58,0.57,Matches
98,Diego López\Diego-Lopez,es ESP,GK,Espanyol,es La Liga,37,1981,35.9,1.62,0.17,0.00,0.17,0.06,1.40,0.30,-0.16,-0.15,6.27,19.2,32.6,23.4,3.29,57.1,45.2,8.44,70.0,52.0,8.41,0.72,8.6,0.86,0.86,0.41,Matches
99,Pau López\Pau-Lopez,es ESP,GK,Roma,it Serie A,24,1994,32.0,1.41,0.25,0.03,0.13,0.00,1.33,0.28,-0.08,-0.08,5.47,11.7,46.9,26.5,5.59,34.8,33.6,6.50,37.5,35.4,7.44,0.47,6.3,0.75,0.75,0.47,Matches
100,Andreas Luthe\Andreas-Luthe,de GER,GK,Augsburg,de Bundesliga,32,1987,10.0,1.20,0.00,0.00,0.00,0.10,1.40,0.42,0.30,+0.30,7.10,19.0,37.4,32.8,5.00,43.6,39.3,9.10,51.6,43.0,11.3,1.20,10.6,0.40,0.40,1.32,Matches
101,Mike Maignan\Mike-Maignan,fr FRA,GK,Lille,fr Ligue 1,23,1995,28.0,0.96,0.14,0.04,0.04,0.11,0.86,0.26,0.01,+0.01,5.64,15.2,37.2,20.1,5.07,49.1,41.7,7.14,74.5,58.8,7.14,0.82,11.5,0.32,0.32,0.49,Matches
102,Steve Mandanda\Steve-Mandanda,fr FRA,GK,Marseille,fr Ligue 1,34,1985,26.3,1.03,0.15,0.00,0.08,0.11,1.02,0.27,0.10,+0.10,5.29,15.2,34.7,26.8,5.10,44.5,40.0,5.40,61.3,48.3,7.30,0.57,7.8,0.65,0.65,0.55,Matches
103,Daniel Martín\Daniel-Martin,es ESP,GK,Betis,es La Liga,21,1998,5.9,2.03,0.00,0.00,0.17,0.00,1.32,0.30,-0.71,-0.72,6.27,12.9,48.7,26.8,5.93,36.1,33.9,6.10,52.8,45.4,9.83,0.51,5.2,0.34,0.34,2.20,Matches
104,David Martin\David-Martin,eng ENG,GK,West Ham,eng Premier League,33,1986,4.8,1.25,0.00,0.00,0.21,0.00,1.63,0.39,0.38,+0.38,8.13,22.1,36.8,16.7,2.08,80.0,55.3,9.17,95.5,65.4,11.5,0.21,1.8,0.00,0.00,1.88,Matches
105,Emiliano Martínez\Emiliano-Martinez,ar ARG,GK,Arsenal,eng Premier League,26,1992,8.6,1.05,0.12,0.00,0.35,0.00,1.50,0.29,0.45,+0.46,4.42,13.1,33.6,27.0,5.35,34.5,35.1,7.09,54.1,47.0,9.30,0.58,6.3,0.35,0.35,1.43,Matches
106,Jordi Masip\Jordi-Masip,es ESP,GK,Valladolid,es La Liga,30,1989,35.0,1.11,0.17,0.06,0.09,0.00,1.29,0.33,0.18,+0.18,7.03,21.4,32.8,20.5,3.37,66.2,48.3,9.63,81.6,59.0,10.5,0.49,4.6,0.31,0.31,0.34,Matches
107,Alex McCarthy\Alex-McCarthy,eng ENG,GK,Southampton,eng Premier League,29,1989,28.0,1.25,0.04,0.00,0.14,0.04,1.45,0.36,0.23,+0.23,7.04,19.9,35.4,22.8,2.64,63.9,48.0,6.32,83.6,61.4,9.25,0.71,7.7,0.50,0.50,0.53,Matches
108,Michael McGovern\Michael-McGovern,nir NIR,GK,Norwich City,eng Premier League,35,1984,1.8,3.33,0.00,0.00,0.00,0.00,2.72,0.36,-0.61,-0.62,5.00,16.1,31.0,20.6,5.56,54.1,38.4,7.78,64.3,45.8,8.89,0.00,0.0,0.56,0.57,8.50,Matches
109,Edouard Mendy\Edouard-Mendy,sn SEN,GK,Rennes,fr Ligue 1,27,1992,24.0,0.79,0.13,0.04,0.17,0.04,0.83,0.23,0.07,+0.07,8.67,16.9,51.4,26.3,4.04,47.1,39.4,6.75,66.7,47.6,8.21,0.83,10.2,0.67,0.67,0.59,Matches
110,Alex Meret\Alex-Meret,it ITA,GK,Napoli,it Serie A,22,1997,21.7,1.52,0.23,0.00,0.14,0.05,1.28,0.29,-0.20,-0.20,2.26,6.13,36.8,21.4,3.92,23.7,28.1,6.31,16.8,24.4,7.05,0.37,5.2,0.28,0.28,0.56,Matches
111,Antonio Mirante\Antonio-Mirante,it ITA,GK,Roma,it Serie A,36,1983,5.0,1.00,0.20,0.00,0.00,0.00,1.14,0.25,0.14,+0.14,5.20,11.2,46.4,28.6,6.20,35.0,32.8,5.80,20.7,30.3,10.0,0.80,8.0,0.80,0.80,2.66,Matches
112,Simon Moore\Simon-Moore,eng ENG,GK,Sheffield Utd,eng Premier League,29,1990,2.0,3.00,0.00,0.00,0.00,0.00,2.15,0.36,-0.85,-0.86,5.00,19.5,25.6,18.5,2.00,75.7,58.9,5.50,100.0,76.5,2.50,0.00,0.0,0.00,0.00,5.70,Matches
113,Jessy Moulin\Jessy-Moulin,fr FRA,GK,Saint-Étienne,fr Ligue 1,33,1986,5.0,0.80,0.40,0.00,0.00,0.00,1.50,0.30,0.70,+0.70,5.60,19.4,28.9,26.8,6.00,53.7,43.5,8.40,59.5,47.0,7.80,0.60,7.7,0.40,0.40,2.88,Matches
114,Florian Müller\Florian-Muller,de GER,GK,Mainz 05,de Bundesliga,21,1997,12.5,2.00,0.16,0.16,0.16,0.00,1.85,0.33,-0.15,-0.15,7.04,17.2,40.9,29.0,6.16,38.3,36.6,9.52,63.9,50.2,9.28,0.64,6.9,1.12,1.12,1.29,Matches
115,Juan Musso\Juan-Musso,ar ARG,GK,Udinese,it Serie A,25,1994,38.0,1.34,0.21,0.05,0.16,0.00,1.42,0.25,0.08,+0.08,5.74,12.9,44.4,21.6,4.50,40.9,36.3,9.45,43.5,36.6,9.55,1.00,10.5,0.39,0.39,0.32,Matches
116,Yvon Mvogo\Yvon-Mvogo,ch SUI,GK,RB Leipzig,de Bundesliga,25,1994,2.0,1.50,0.00,0.00,0.00,0.00,0.85,0.34,-0.65,-0.64,3.50,9.00,38.9,34.5,4.50,21.7,29.7,5.00,30.0,29.4,6.50,0.50,7.7,1.00,1.00,8.05,Matches
117,Keylor Navas\Keylor-Navas,cr CRC,GK,Paris S-G,fr Ligue 1,32,1986,21.0,0.86,0.00,0.00,0.00,0.05,0.73,0.24,-0.08,-0.08,3.19,6.29,50.8,19.3,3.62,24.4,30.9,6.57,23.9,29.7,5.33,0.33,6.3,0.33,0.33,0.67,Matches
118,Neto\Neto,br BRA,GK,Barcelona,es La Liga,30,1989,2.0,1.00,0.00,0.00,0.00,0.00,0.75,0.50,-0.25,-0.25,2.00,5.00,40.0,23.5,2.50,17.0,24.6,7.50,13.3,22.8,6.50,0.00,0.0,0.50,0.50,5.90,Matches
119,Manuel Neuer\Manuel-Neuer,de GER,GK,Bayern Munich,de Bundesliga,33,1986,33.0,0.94,0.09,0.00,0.18,0.03,0.98,0.27,0.08,+0.08,6.61,11.2,58.9,38.4,6.12,26.0,30.1,5.42,22.3,29.0,5.91,0.39,6.7,1.64,1.64,0.58,Matches
120,Moritz Nicolas\Moritz-Nicolas,de GER,GK,Union Berlin,de Bundesliga,21,1997,1.0,4.00,0.00,0.00,1.00,0.00,2.90,0.36,-1.10,-1.15,8.00,20.0,40.0,29.0,0.00,55.2,44.7,7.00,57.1,48.9,4.00,0.00,0.0,1.00,1.00,13.7,Matches
121,Alexander Nübel\Alexander-Nubel,de GER,GK,Schalke 04,de Bundesliga,22,1996,25.7,1.56,0.16,0.04,0.23,0.08,1.44,0.30,-0.04,-0.03,6.58,17.2,38.1,31.2,4.32,39.7,37.9,8.05,60.4,47.1,8.33,0.39,4.7,0.62,0.62,0.57,Matches
122,Ørjan Nyland\Orjan-Nyland,no NOR,GK,Aston Villa,eng Premier League,28,1990,6.0,2.00,0.00,0.00,0.00,0.00,1.43,0.33,-0.57,-0.57,6.17,18.2,33.9,21.5,4.67,49.6,44.0,8.83,84.9,62.5,9.33,0.33,3.6,0.50,0.50,2.20,Matches
123,Jan Oblak\Jan-Oblak,si SVN,GK,Atlético Madrid,es La Liga,26,1993,37.7,0.72,0.08,0.03,0.11,0.08,0.67,0.22,0.03,+0.03,6.95,17.4,39.9,17.1,2.94,64.4,46.9,8.33,76.4,56.5,9.20,0.50,5.5,0.45,0.45,0.37,Matches
124,Oier Olazábal\Oier-Olazabal,es ESP,GK,Espanyol,es La Liga,29,1989,2.0,0.00,0.00,0.00,0.00,0.00,0.20,0.10,0.20,+0.20,4.50,10.0,45.0,25.0,7.50,26.0,31.9,6.00,58.3,44.2,6.50,0.50,7.7,0.00,0.00,6.60,Matches
125,Robin Olsen\Robin-Olsen,se SWE,GK,Cagliari,it Serie A,29,1990,16.9,1.42,0.24,0.00,0.06,0.12,1.30,0.23,-0.01,-0.01,6.21,16.4,37.8,20.2,3.67,55.4,45.1,9.41,56.0,47.3,11.8,0.71,6.0,0.24,0.24,0.66,Matches
126,David Ospina\David-Ospina,co COL,GK,Napoli,it Serie A,30,1988,16.3,1.04,0.12,0.06,0.12,0.00,1.10,0.31,0.06,+0.06,3.31,6.69,49.5,23.5,3.56,23.5,28.3,5.15,22.6,24.1,7.79,0.67,8.7,0.55,0.55,0.86,Matches
127,Alexandre Oukidja\Alexandre-Oukidja,dz ALG,GK,Metz,fr Ligue 1,31,1988,26.5,1.17,0.11,0.00,0.23,0.00,1.32,0.26,0.15,+0.15,8.30,23.9,34.7,25.6,4.26,65.6,49.4,7.89,90.4,64.9,10.8,1.32,12.2,0.98,0.98,0.59,Matches
128,Fernando Pacheco\Fernando-Pacheco,es ESP,GK,Alavés,es La Liga,27,1992,26.2,1.41,0.31,0.11,0.08,0.00,1.29,0.30,-0.13,-0.13,11.1,23.5,47.1,21.5,3.51,68.7,47.9,9.62,91.3,61.0,9.69,0.65,6.7,0.46,0.46,0.51,Matches
129,Daniele Padelli\Daniele-Padelli,it ITA,GK,Inter,it Serie A,33,1985,3.0,1.33,0.33,0.00,0.67,0.00,1.07,0.39,-0.27,-0.27,3.33,8.00,41.7,22.3,4.67,26.9,32.0,8.00,25.0,30.7,12.0,0.33,2.8,0.00,0.00,3.10,Matches
130,Miquel Parera\Miquel-Parera,es ESP,GK,Mallorca,es La Liga,23,1996,1.0,2.00,0.00,0.00,0.00,0.00,1.60,0.31,-0.40,-0.45,3.00,14.0,21.4,22.0,3.00,50.0,43.0,4.00,75.0,62.8,6.00,1.00,16.7,0.00,0.00,6.00,Matches
131,Rui Patrício\Rui-Patricio,pt POR,GK,Wolves,eng Premier League,31,1988,38.0,1.05,0.03,0.03,0.18,0.03,1.06,0.32,0.03,+0.03,7.42,15.3,48.4,15.3,3.26,59.7,44.6,7.42,84.0,55.6,9.18,0.39,4.3,0.21,0.21,0.33,Matches
132,Jiří Pavlenka\Jiri-Pavlenka,cz CZE,GK,Werder Bremen,de Bundesliga,27,1992,33.0,2.03,0.03,0.03,0.39,0.09,1.48,0.28,-0.45,-0.46,7.42,17.6,42.2,27.4,4.91,45.8,39.3,8.97,56.1,44.7,10.8,0.42,3.9,0.70,0.70,0.43,Matches
133,Gianluca Pegolo\Gianluca-Pegolo,it ITA,GK,Sassuolo,it Serie A,38,1981,5.0,0.80,0.00,0.00,0.00,0.20,1.12,0.22,0.52,+0.52,3.00,7.80,38.5,24.4,4.80,24.6,26.9,7.20,25.0,22.7,7.40,0.20,2.7,0.20,0.20,2.30,Matches
134,Yohann Pelé\Yohann-Pele,fr FRA,GK,Marseille,fr Ligue 1,36,1982,1.7,1.18,0.00,0.00,0.00,0.00,1.53,0.31,0.35,+0.34,1.18,7.65,15.4,19.4,4.12,15.2,28.8,8.24,57.1,45.9,8.24,0.00,0.0,1.18,1.21,11.8,Matches
135,Philipp Pentke\Philipp-Pentke,de GER,GK,Hoffenheim,de Bundesliga,34,1985,4.0,1.00,0.25,0.00,0.00,0.00,1.52,0.26,0.53,+0.51,5.00,13.5,37.0,33.3,5.75,33.1,33.5,7.25,34.5,37.1,11.8,0.75,6.4,2.00,2.00,4.00,Matches
136,Juan Pérez\Juan-Perez,es ESP,GK,Osasuna,es La Liga,23,1996,2.0,1.50,0.50,0.00,0.00,0.00,1.30,0.23,-0.20,-0.21,10.0,24.0,41.7,26.5,4.50,73.6,51.6,6.50,69.2,55.4,9.00,0.00,0.0,0.50,0.50,6.10,Matches
137,Samu Pérez\Samu-Perez,es ESP,GK,Valladolid,es La Liga,22,1997,0.3,3.33,3.33,0.00,0.00,0.00,3.00,,-0.33,-0.22,6.67,23.3,28.6,6.67,0.00,100.0,56.5,16.7,100.0,69.2,3.33,0.00,0.0,0.00,0.00,,Matches
138,Mattia Perin\Mattia-Perin,it ITA,GK,Genoa,it Serie A,26,1992,21.0,1.81,0.05,0.05,0.19,0.05,1.76,0.36,0.00,0.00,6.95,19.4,35.8,26.0,4.43,56.8,44.6,9.00,51.9,44.1,10.1,0.52,5.2,0.38,0.38,0.59,Matches
139,Pavao Pervan\Pavao-Pervan,at AUT,GK,Wolfsburg,de Bundesliga,31,1987,8.0,1.00,0.13,0.00,0.00,0.00,1.15,0.25,0.15,+0.15,6.75,16.8,40.3,25.6,4.75,49.3,39.9,7.75,53.2,46.2,9.13,0.38,4.1,0.75,0.75,1.88,Matches
140,Danijel Petković\Danijel-Petkovic,me MNE,GK,Angers,fr Ligue 1,26,1993,2.0,0.50,0.00,0.00,0.00,0.00,0.70,0.21,0.20,+0.22,6.50,14.0,46.4,17.5,5.00,45.7,38.7,9.50,63.2,51.1,15.0,1.00,6.7,0.50,0.50,6.70,Matches
141,Denis Petrić\Denis-Petric,rs SRB,GK,Nantes,fr Ligue 1,31,1988,1.0,2.00,0.00,0.00,1.00,0.00,3.10,0.51,1.10,+1.06,3.00,14.0,21.4,9.00,2.00,77.8,51.4,11.0,63.6,49.8,9.00,0.00,0.0,0.00,0.00,12.5,Matches
142,Jordan Pickford\Jordan-Pickford,eng ENG,GK,Everton,eng Premier League,25,1994,38.0,1.47,0.08,0.08,0.16,0.08,1.28,0.32,-0.11,-0.11,8.24,20.6,39.9,28.9,4.71,55.6,45.8,7.18,63.0,53.4,8.29,0.66,7.9,0.61,0.61,0.38,Matches
143,Carlo Pinsoglio\Carlo-Pinsoglio,it ITA,GK,Juventus,it Serie A,29,1990,0.2,0.00,0.00,0.00,0.00,0.00,0.00,,0.00,0.00,5.00,5.00,100.0,5.00,0.00,0.0,21.0,10.0,50.0,30.0,0.00,0.00,,0.00,0.00,,Matches
144,Nick Pope\Nick-Pope,eng ENG,GK,Burnley,eng Premier League,27,1992,38.0,1.32,0.11,0.00,0.21,0.03,1.24,0.27,-0.05,-0.05,7.50,24.1,31.1,23.0,4.42,73.0,54.4,8.03,90.8,69.9,9.82,1.39,14.2,0.92,0.92,0.43,Matches
145,Ionuț Radu\Ionut-Radu,ro ROU,GK,Genoa,it Serie A,22,1997,17.0,2.06,0.35,0.12,0.24,0.06,1.88,0.30,-0.12,-0.12,5.24,12.1,43.2,29.8,5.00,35.0,34.2,9.00,19.0,27.9,10.5,0.53,5.0,0.24,0.24,0.68,Matches
146,Boris Radunović\Boris-Radunovic,rs SRB,GK,Hellas Verona,it Serie A,23,1996,3.0,2.67,0.67,0.33,1.00,0.00,2.27,0.38,-0.40,-0.41,4.67,12.3,37.8,15.7,3.33,51.1,40.7,4.67,92.9,64.5,4.67,0.33,7.1,0.00,0.00,4.60,Matches
147,Rafael\Rafael,br BRA,GK,Cagliari,it Serie A,37,1982,5.0,2.20,0.40,0.00,0.00,0.00,1.88,0.50,-0.32,-0.33,7.00,15.8,44.3,21.2,3.20,58.5,41.8,9.40,36.2,35.8,14.0,1.00,7.1,0.40,0.40,2.40,Matches
148,Predrag Rajković\Predrag-Rajkovic,rs SRB,GK,Reims,fr Ligue 1,23,1995,27.0,0.67,0.04,0.04,0.07,0.00,0.99,0.27,0.32,+0.32,5.26,14.5,36.3,29.5,4.41,35.6,36.4,7.48,53.5,45.0,9.44,0.96,10.2,0.59,0.59,0.52,Matches
149,Aaron Ramsdale\Aaron-Ramsdale,eng ENG,GK,Bournemouth,eng Premier League,21,1998,37.0,1.68,0.14,0.11,0.14,0.00,1.67,0.32,-0.01,-0.01,5.38,17.7,30.4,22.6,4.97,53.7,44.8,7.81,71.6,58.9,8.68,0.54,6.2,0.46,0.46,0.38,Matches
150,Darren Randolph\Darren-Randolph,ie IRL,GK,West Ham,eng Premier League,32,1987,2.0,2.50,0.50,0.00,0.50,0.00,2.25,0.39,-0.25,-0.27,9.00,18.0,50.0,13.0,1.50,84.6,55.5,7.00,100.0,66.0,9.50,1.00,10.5,1.00,1.00,6.80,Matches
151,Manolo Reina\Manolo-Reina,es ESP,GK,Mallorca,es La Liga,34,1985,36.0,1.67,0.36,0.06,0.19,0.03,1.61,0.28,-0.03,-0.02,7.08,19.1,37.0,24.6,5.00,56.4,43.4,8.56,61.4,50.4,10.1,1.00,9.9,0.67,0.67,0.38,Matches
152,Pepe Reina\Pepe-Reina,es ESP,GK,Milan,it Serie A,36,1982,1.0,1.00,0.00,1.00,0.00,0.00,1.60,0.18,0.60,+0.55,11.0,21.0,52.4,30.0,6.00,53.3,39.7,7.00,71.4,50.7,11.0,2.00,18.2,2.00,2.00,19.6,Matches
153,Pepe Reina\Pepe-Reina,es ESP,GK,Aston Villa,eng Premier League,36,1982,12.0,1.67,0.17,0.00,0.25,0.00,1.55,0.33,-0.12,-0.12,9.42,19.1,49.3,25.2,3.92,54.3,42.4,7.75,69.9,49.3,9.17,0.58,6.4,0.67,0.67,1.28,Matches
154,Álex Remiro\Alex-Remiro,es ESP,GK,Real Sociedad,es La Liga,24,1995,25.0,1.28,0.28,0.08,0.12,0.00,1.14,0.25,-0.14,-0.14,6.84,15.5,44.1,30.7,3.20,37.4,36.3,5.72,70.6,54.2,7.56,0.44,5.8,0.88,0.88,0.70,Matches
155,Baptiste Reynet\Baptiste-Reynet,fr FRA,GK,Toulouse,fr Ligue 1,28,1990,22.6,2.17,0.13,0.04,0.13,0.04,1.82,0.33,-0.31,-0.30,8.72,22.8,38.2,27.3,3.54,57.3,43.7,10.0,71.4,52.2,11.0,0.71,6.5,1.06,1.06,0.71,Matches
156,Sergio Rico\Sergio-Rico,es ESP,GK,Paris S-G,fr Ligue 1,25,1993,2.0,2.00,0.00,0.00,0.50,0.00,1.55,0.28,-0.45,-0.45,0.50,5.00,10.0,17.5,3.00,17.1,25.4,7.00,28.6,29.4,9.00,1.00,11.1,1.00,1.00,9.35,Matches
157,Roberto\Roberto,es ESP,GK,West Ham,eng Premier League,33,1986,7.6,2.24,0.13,0.13,0.39,0.13,2.13,0.30,0.03,+0.02,6.45,22.0,29.3,25.3,3.42,67.2,49.0,5.26,95.0,66.0,7.76,0.39,5.1,0.66,0.66,1.72,Matches
158,Roberto\Roberto,es ESP,GK,Alavés,es La Liga,33,1986,8.8,2.16,0.34,0.00,0.11,0.00,2.37,0.36,0.22,+0.21,9.89,22.8,43.3,19.2,1.02,81.1,58.2,7.84,92.8,67.9,8.52,0.45,5.3,0.68,0.68,1.92,Matches
159,Joel Robles\Joel-Robles,es ESP,GK,Betis,es La Liga,29,1990,32.1,1.50,0.34,0.03,0.09,0.03,1.40,0.31,-0.07,-0.07,5.33,14.5,36.9,28.3,4.17,39.4,36.6,7.63,43.7,39.6,9.22,0.65,7.1,0.84,0.84,0.48,Matches
160,Antonio Rosati\Antonio-Rosati,it ITA,GK,Torino,it Serie A,36,1983,1.0,1.00,0.00,0.00,0.00,0.00,0.70,0.15,-0.30,-0.26,12.0,21.0,57.1,22.0,6.00,50.0,32.7,15.0,66.7,40.9,7.00,0.00,0.0,0.00,0.00,10.0,Matches
161,Francesco Rossi\Francesco-Rossi,it ITA,GK,Atalanta,it Serie A,28,1991,0.1,10.0,0.00,0.00,0.00,0.00,8.00,0.79,-2.00,-1.76,10.0,10.0,100.0,30.0,10.0,33.3,26.7,0.00,,,0.00,0.00,,0.00,0.00,150.0,Matches
162,Rubén\Ruben,es ESP,GK,Osasuna,es La Liga,35,1984,17.6,1.36,0.17,0.06,0.06,0.00,1.10,0.34,-0.27,-0.27,8.52,23.0,37.1,21.7,3.41,73.6,52.7,8.13,86.0,61.9,9.49,0.68,7.2,0.40,0.40,0.78,Matches
163,Stéphane Ruffier\Stephane-Ruffier,fr FRA,GK,Saint-Étienne,fr Ligue 1,32,1986,22.0,1.82,0.14,0.00,0.09,0.00,1.56,0.34,-0.26,-0.26,5.45,14.7,37.0,20.8,3.23,48.8,39.5,7.27,63.1,46.6,6.91,0.27,3.9,0.32,0.32,0.57,Matches
164,Gerónimo Rulli\Geronimo-Rulli,ar ARG,GK,Montpellier,fr Ligue 1,27,1992,25.0,1.08,0.12,0.04,0.08,0.04,1.10,0.21,0.06,+0.05,8.84,16.8,52.7,27.2,5.92,42.4,37.5,8.12,64.5,49.0,9.12,0.80,8.8,1.04,1.04,0.64,Matches
165,Mathew Ryan\Mathew-Ryan,au AUS,GK,Brighton,eng Premier League,27,1992,38.0,1.42,0.05,0.00,0.21,0.08,1.43,0.32,0.09,+0.09,7.16,13.9,51.6,31.3,6.11,33.8,33.8,7.21,45.6,38.7,8.26,0.63,7.6,0.50,0.50,0.37,Matches
166,Frederik Rønnow\Frederik-Ronnow,dk DEN,GK,Eint Frankfurt,de Bundesliga,26,1992,9.0,1.56,0.22,0.00,0.00,0.00,1.74,0.30,0.19,+0.19,9.89,20.8,47.6,31.3,4.22,53.2,40.7,6.89,59.7,46.0,8.00,0.56,6.9,0.44,0.44,1.54,Matches
167,Romain Salin\Romain-Salin,fr FRA,GK,Rennes,fr Ligue 1,35,1984,4.0,1.25,0.00,0.00,0.00,0.00,1.40,0.26,0.15,+0.15,8.50,16.8,50.7,23.3,5.50,41.9,37.8,9.25,75.7,51.5,15.8,1.25,7.9,0.50,0.50,3.38,Matches
168,Kasper Schmeichel\Kasper-Schmeichel,dk DEN,GK,Leicester City,eng Premier League,32,1986,38.0,1.08,0.21,0.00,0.18,0.05,1.11,0.28,0.08,+0.08,6.29,12.8,49.0,24.6,3.97,39.9,37.4,6.37,47.5,40.8,7.71,0.26,3.4,0.71,0.71,0.41,Matches
169,Markus Schubert\Markus-Schubert,de GER,GK,Schalke 04,de Bundesliga,21,1998,8.2,2.20,0.24,0.12,0.49,0.00,2.17,0.32,-0.02,-0.02,6.71,21.6,31.1,31.3,3.54,52.9,42.1,7.32,68.3,51.0,10.9,0.73,6.7,0.61,0.61,1.56,Matches
170,Alexander Schwolow\Alexander-Schwolow,de GER,GK,Freiburg,de Bundesliga,27,1992,23.2,1.38,0.13,0.00,0.22,0.00,1.34,0.26,-0.03,-0.03,7.72,20.6,37.5,31.5,4.96,40.5,38.0,10.7,72.7,58.3,9.22,0.60,6.5,0.43,0.43,0.56,Matches
171,Matz Sels\Matz-Sels,be BEL,GK,Strasbourg,fr Ligue 1,27,1992,27.0,1.19,0.22,0.00,0.11,0.00,1.20,0.30,0.02,+0.02,8.00,17.9,44.6,23.9,4.70,53.9,43.9,7.52,67.0,53.9,8.48,0.78,9.2,0.37,0.37,0.47,Matches
172,Luigi Sepe\Luigi-Sepe,it ITA,GK,Parma,it Serie A,28,1991,34.0,1.56,0.18,0.03,0.29,0.00,1.59,0.26,0.03,+0.03,8.12,16.5,49.1,23.8,3.35,51.2,41.6,9.68,45.0,35.3,11.5,0.35,3.1,0.24,0.24,0.38,Matches
173,Rui Silva\Rui-Silva,pt POR,GK,Granada,es La Liga,25,1994,35.0,1.20,0.11,0.03,0.14,0.00,1.21,0.28,0.01,+0.01,9.94,25.7,38.8,27.9,3.29,66.6,49.2,8.60,82.1,60.4,9.49,1.09,11.4,1.17,1.17,0.45,Matches
174,Marco Silvestri\Marco-Silvestri,it ITA,GK,Hellas Verona,it Serie A,28,1991,35.0,1.23,0.20,0.03,0.20,0.03,1.21,0.25,0.01,+0.01,5.51,20.5,26.9,18.9,2.23,66.3,48.1,9.43,84.8,59.2,10.5,0.49,4.6,0.26,0.26,0.34,Matches
175,Unai Simón\Unai-Simon,es ESP,GK,Athletic Club,es La Liga,22,1997,33.2,0.87,0.15,0.03,0.09,0.06,1.11,0.32,0.30,+0.29,9.61,22.9,41.9,25.3,4.22,61.7,47.2,8.07,90.7,66.4,10.3,0.69,6.7,0.54,0.54,0.43,Matches
176,Salvatore Sirigu\Salvatore-Sirigu,it ITA,GK,Torino,it Serie A,32,1987,36.0,1.78,0.25,0.08,0.25,0.08,1.80,0.30,0.11,+0.11,8.11,16.9,47.9,23.0,3.14,48.1,40.0,9.28,63.5,45.2,10.5,0.69,6.6,0.39,0.39,0.37,Matches
177,Antonio Sivera\Antonio-Sivera,es ESP,GK,Alavés,es La Liga,22,1996,3.0,1.00,0.33,0.00,0.00,0.00,0.80,0.36,-0.20,-0.19,8.00,21.3,37.5,18.7,3.00,71.4,52.4,9.00,88.9,63.4,9.00,0.33,3.7,0.00,0.00,4.27,Matches
178,Łukasz Skorupski\Lukasz-Skorupski,pl POL,GK,Bologna,it Serie A,28,1991,37.0,1.73,0.16,0.05,0.16,0.03,1.56,0.30,-0.14,-0.14,5.32,12.0,44.3,23.1,5.84,37.7,35.3,7.89,42.1,34.8,8.65,1.24,14.4,0.41,0.41,0.35,Matches
179,Dennis Smarsch\Dennis-Smarsch,de GER,GK,Hertha BSC,de Bundesliga,20,1999,1.7,2.35,0.00,0.00,0.59,0.00,2.18,0.34,-0.18,-0.17,7.65,18.2,41.9,31.8,5.29,37.0,35.9,9.41,68.8,50.6,7.65,1.18,15.4,1.18,1.19,9.47,Matches
180,Yann Sommer\Yann-Sommer,ch SUI,GK,M'Gladbach,de Bundesliga,30,1988,34.0,1.18,0.03,0.03,0.09,0.00,1.30,0.28,0.13,+0.13,6.76,14.3,47.3,37.1,4.91,30.2,33.1,8.38,37.2,36.4,8.41,0.41,4.9,0.91,0.91,0.42,Matches
181,David Soria\David-Soria,es ESP,GK,Getafe,es La Liga,26,1993,38.0,0.97,0.13,0.00,0.05,0.03,1.00,0.33,0.06,+0.05,9.71,26.0,37.4,22.9,1.08,86.3,58.8,6.82,90.7,61.4,6.89,0.79,11.5,1.29,1.29,0.45,Matches
182,Juan Soriano\Juan-Soriano,es ESP,GK,Leganés,es La Liga,21,1997,11.0,1.64,0.45,0.09,0.00,0.09,1.42,0.33,-0.13,-0.12,4.45,15.9,28.0,20.2,5.36,52.3,45.8,6.82,78.7,63.1,6.36,0.64,10.0,0.64,0.64,1.66,Matches
183,Marco Sportiello\Marco-Sportiello,it ITA,GK,Atalanta,it Serie A,27,1992,5.8,0.86,0.00,0.00,0.00,0.00,0.79,0.24,-0.07,-0.06,1.90,5.52,34.4,21.6,5.17,17.6,27.7,4.66,37.0,37.1,5.34,0.69,12.9,1.21,1.20,3.33,Matches
184,Jed Steer\Jed-Steer,eng ENG,GK,Aston Villa,eng Premier League,26,1992,0.1,0.00,0.00,0.00,0.00,0.00,0.00,,0.00,0.00,0.00,10.0,0.0,10.0,0.00,0.0,26.0,10.0,100.0,70.0,0.00,0.00,,0.00,0.00,,Matches
185,Zack Steffen\Zack-Steffen,us USA,GK,Düsseldorf,de Bundesliga,24,1995,17.0,2.12,0.06,0.06,0.35,0.06,1.88,0.32,-0.18,-0.18,9.18,19.2,47.7,28.1,5.94,48.6,41.9,8.41,66.4,55.3,8.53,0.53,6.2,0.65,0.65,0.80,Matches
186,Thomas Strakosha\Thomas-Strakosha,al ALB,GK,Lazio,it Serie A,24,1995,38.0,1.11,0.18,0.03,0.21,0.03,1.20,0.27,0.12,+0.12,5.32,11.9,44.6,24.5,3.92,40.7,34.5,7.68,25.3,27.2,7.42,0.39,5.3,0.45,0.45,0.37,Matches
187,Wojciech Szczęsny\Wojciech-Szczesny,pl POL,GK,Juventus,it Serie A,29,1990,28.8,1.15,0.28,0.03,0.14,0.00,1.20,0.22,0.06,+0.06,3.75,6.94,54.0,19.6,5.42,28.5,32.5,6.81,19.9,26.8,7.60,0.38,5.0,0.76,0.76,0.52,Matches
188,Ciprian Tătărușanu\Ciprian-Tatarusanu,ro ROU,GK,Lyon,fr Ligue 1,33,1986,2.0,1.00,0.00,0.00,0.00,0.00,0.95,0.18,-0.05,-0.06,7.00,9.00,77.8,26.5,7.50,26.4,30.0,3.00,66.7,44.5,3.50,1.00,28.6,1.00,1.00,7.50,Matches
189,Marc-André ter Stegen\Marc-Andre-ter-Stegen,de GER,GK,Barcelona,es La Liga,27,1992,36.0,1.00,0.17,0.06,0.03,0.00,0.97,0.27,-0.03,-0.03,5.69,9.39,60.7,33.3,4.92,22.8,28.8,6.08,29.7,31.0,7.39,0.36,4.9,0.75,0.75,0.42,Matches
190,Pietro Terracciano\Pietro-Terracciano,it ITA,GK,Fiorentina,it Serie A,29,1990,6.9,0.72,0.43,0.00,0.00,0.00,0.90,0.19,0.17,+0.17,3.91,13.2,29.7,21.9,5.22,45.0,39.0,8.55,39.0,35.9,12.5,0.87,7.0,0.72,0.72,1.91,Matches
191,Demba Thiam\Demba-Thiam,sn SEN,GK,SPAL,it Serie A,21,1998,2.0,2.00,0.50,0.00,1.00,0.00,1.70,0.18,-0.30,-0.29,5.00,12.5,40.0,22.0,6.50,36.4,36.1,13.5,33.3,29.6,9.50,0.50,5.3,0.50,0.50,7.60,Matches
192,Niclas Thiede\Niclas-Thiede,de GER,GK,Freiburg,de Bundesliga,20,1999,0.8,1.25,0.00,0.00,0.00,0.00,1.25,0.24,0.00,-0.04,1.25,11.3,11.1,42.5,13.8,26.5,32.1,8.75,0.0,20.4,10.0,1.25,12.5,1.25,1.30,18.6,Matches
193,Kevin Trapp\Kevin-Trapp,de GER,GK,Eint Frankfurt,de Bundesliga,29,1990,22.0,1.73,0.05,0.05,0.14,0.09,1.45,0.30,-0.18,-0.18,8.23,18.3,44.9,36.1,4.09,42.3,37.1,6.59,46.2,41.2,7.64,0.77,10.1,0.95,0.95,0.69,Matches
194,Mark Travers\Mark-Travers,ie IRL,GK,Bournemouth,eng Premier League,20,1999,1.0,3.00,0.00,0.00,0.00,0.00,2.60,0.52,-0.40,-0.39,7.00,13.0,53.8,24.0,5.00,33.3,34.5,8.00,62.5,45.4,7.00,0.00,0.0,0.00,0.00,14.9,Matches
195,Stefano Turati\Stefano-Turati,it ITA,GK,Sassuolo,it Serie A,17,2001,2.0,2.00,0.50,0.00,0.00,0.00,1.90,0.26,-0.10,-0.08,2.00,6.00,33.3,18.5,4.50,24.3,26.9,7.00,21.4,25.6,10.0,1.00,10.0,1.00,1.00,9.10,Matches
196,Samir Ujkani\Samir-Ujkani,xk KVX,GK,Torino,it Serie A,31,1988,1.0,3.00,1.00,0.00,1.00,0.00,2.70,0.35,-0.30,-0.31,8.00,14.0,57.1,43.0,2.00,30.2,33.4,9.00,11.1,25.4,9.00,0.00,0.0,1.00,1.00,18.0,Matches
197,Sven Ulreich\Sven-Ulreich,de GER,GK,Bayern Munich,de Bundesliga,30,1988,1.0,1.00,0.00,0.00,0.00,0.00,1.40,0.50,0.40,+0.44,7.00,13.0,53.8,42.0,5.00,26.2,28.1,10.0,20.0,25.7,10.0,1.00,10.0,1.00,1.00,12.0,Matches
198,Tomáš Vaclík\Tomas-Vaclik,cz CZE,GK,Sevilla,es La Liga,30,1989,32.5,0.95,0.06,0.09,0.09,0.03,0.78,0.24,-0.14,-0.14,5.48,12.8,42.7,21.1,4.77,40.1,37.3,7.23,60.4,48.1,8.00,0.62,7.7,0.49,0.49,0.43,Matches
199,Koke Vegas\Koke-Vegas,es ESP,GK,Levante,es La Liga,23,1995,2.0,1.00,0.00,0.00,0.50,0.00,0.85,0.17,-0.15,-0.13,3.50,13.0,26.9,21.5,8.00,46.5,40.6,10.0,30.0,30.6,15.0,1.00,6.7,1.00,1.00,7.80,Matches
200,Mauro Vigorito\Mauro-Vigorito,it ITA,GK,Lecce,it Serie A,29,1990,4.7,1.91,0.21,0.00,0.21,0.00,2.00,0.33,0.09,+0.08,5.11,13.6,37.5,22.1,5.74,43.3,36.3,10.4,38.8,32.2,13.0,0.85,6.6,0.21,0.21,2.47,Matches
201,Iván Villar\Ivan-Villar,es ESP,GK,Celta Vigo,es La Liga,22,1997,3.1,1.61,0.00,0.00,0.00,0.00,1.52,0.42,-0.10,-0.11,4.84,13.9,34.9,19.7,1.94,39.3,35.5,9.03,67.9,55.3,11.0,0.97,8.8,0.97,0.96,5.16,Matches
202,Felix Wiedwald\Felix-Wiedwald,de GER,GK,Eint Frankfurt,de Bundesliga,29,1990,3.0,2.67,0.00,0.00,0.67,0.00,2.23,0.32,-0.43,-0.43,8.67,17.3,50.0,26.3,4.67,49.4,38.0,8.00,54.2,41.8,9.33,0.67,7.1,1.00,1.00,5.37,Matches
203,Yoel\Yoel,es ESP,GK,Eibar,es La Liga,30,1988,3.0,1.67,0.00,0.00,0.00,0.00,1.27,0.21,-0.40,-0.39,12.7,26.7,47.5,23.0,2.00,82.6,59.1,8.00,95.8,72.4,9.67,0.33,3.4,1.00,1.00,4.43,Matches
204,Robin Zentner\Robin-Zentner,de GER,GK,Mainz 05,de Bundesliga,24,1994,21.5,1.86,0.05,0.00,0.28,0.05,1.72,0.32,-0.09,-0.10,6.28,19.0,33.0,28.1,6.70,47.4,40.8,9.12,62.8,51.6,10.5,1.07,10.2,0.93,0.93,0.75,Matches
205,Leopold Zingerle\Leopold-Zingerle,de GER,GK,Paderborn 07,de Bundesliga,25,1994,28.0,2.04,0.11,0.11,0.25,0.07,2.03,0.37,0.06,+0.06,6.86,13.6,50.5,35.1,6.68,31.1,32.3,8.39,31.9,32.5,9.25,0.36,3.9,0.61,0.61,0.50,Matches

